5',theo_mass,position
G,443.0243,1
U,749.0496,2
C,1054.0909,3
U,1360.1162,4
A,1689.1687,5
C,1994.21,6
G,2339.2574,7
G,2684.3048,8
C,2989.3461,9
C,3294.3874,10
A,3623.4399,11
U,3929.4652,12
A,4258.5177,13
C,4563.559,14
C,4868.6003,15
A,5197.6528,16
C,5502.6941,17
C,5807.7354,18
C,6112.7767,19
U,6418.802,20
G,6763.8494,21
A,7092.9019,22
A,7421.9544,23
C,7726.9957,24
G,8072.0431,25
C,8377.0844,26
G,8722.1318,27
C,9027.1731,28
C,9332.2144,29
C,9637.2557,30
G,9982.3031,31
A,10311.3556,32
U,10617.3809,33
C,10922.4222,34
U,11228.4475,35
C,11533.4888,36
G,11878.5362,37
U,12184.5615,38
C,12489.6028,39
U,12795.6281,40
G,13140.6755,41
A,13469.728,42
U,13775.7533,43
C,14080.7946,44
U,14386.8199,45
C,14691.8612,46
G,15036.9086,47
G,15381.956,48
A,15711.0085,49
A,16040.061,50
G,16385.1084,51
C,16690.1497,52
U,16996.175,53
A,17325.2275,54
A,17654.28,55
G,17999.3274,56
C,18304.3687,57
A,18633.4212,58
G,18978.4686,59
G,19323.516,60
G,19668.5634,61
U,19974.5887,62
C,20279.63,63
G,20624.6774,64
G,20969.7248,65
G,21314.7722,66
C,21619.8135,67
C,21924.8548,68
U,22230.8801,69
G,22575.9275,70
G,22920.9749,71
U,23227.0002,72
U,23533.0255,73
A,23862.078,74
G,24207.1254,75
U,24513.1507,76
A,24842.2032,77
C,25147.2445,78
U,25453.2698,79
U,25759.2951,80
G,26104.3425,81
G,26449.3899,82
A,26778.4424,83
U,27084.4677,84
G,27429.5151,85
G,27774.5625,86
G,28119.6099,87
A,28448.6624,88
G,28793.7098,89
A,29122.7623,90
C,29427.8036,91
C,29732.8449,92
G,30077.8923,93
C,30382.9336,94
C,30687.9749,95
U,30994.0002,96
G,31339.0476,97
G,31684.095,98
G,32029.1424,99
A,32358.1949,100
A,32687.2474,101
U,32993.2727,102
A,33322.3252,103
C,33627.3665,104
C,33932.4078,105
G,34277.4552,106
G,34622.5026,107
G,34967.55,108
U,35273.5753,109
G,35618.6227,110
C,35923.664,111
U,36229.6893,112
G,36574.7367,113
U,36880.762,114
A,37209.8145,115
G,37554.8619,116
G,37899.9093,117
C,38204.9506,118
U,38510.9759,119
U,38817.0012,120
U,39043.0554,121