M,I,T,block,Rel_I,log10_intensity_qc,peak_status
976.2489,966093.4072833945,1.9969,3,1.0,1.0,conflict_retained
1305.3026,949425.9973471062,2.0428,4,1.0,1.0,conflict_retained
1206.2352,898873.8037207228,4.9976,4,0.9467549932615741,0.0,primary_used
1625.1543,966812.6355948691,11.0022,5,1.0,1.0,conflict_retained
1511.2767,892820.3705406301,4.9734,5,0.923467834066202,0.5403144168850339,primary_used
1610.344,813056.7199941234,2.0761,5,0.8409661707553694,0.0,conflict_retained
1816.3185,978010.460990225,7.9966,6,1.0,1.0,primary_used
1984.2177,889882.0985619213,10.9794,6,0.9098901638137136,0.4710733432646854,unused
1939.396,879972.7982851962,2.1191,6,0.8997580633178844,0.40835147983130243,conflict_retained
1856.3242,818101.4716555218,4.9375,6,0.8364956248292098,0.0,primary_used
2122.3434,832983.0489157591,8.0265,7,1.0,1.0,ambiguous_retained
2290.2439,813369.1384435341,10.959,7,0.9764534098289814,0.6993557451907138,conflict_retained
2162.3491,806836.1554489476,4.912,7,0.9686105335506584,0.5976056669496617,primary_used
2268.4506,769511.6001805962,2.1574,7,0.9238022324490521,0.0,conflict_retained
2427.3849,841201.3550024008,8.0521,8,1.0,1.0,ambiguous_retained
2596.2695,838168.2570656966,10.9348,8,0.996394325902274,0.9539893086394351,conflict_retained
2491.4024,810550.0060983066,4.8816,8,0.9635624113991035,0.5272049507149738,primary_used
2597.5032,777686.4538556274,2.2023,8,0.9244950085148257,0.0,conflict_retained
2733.4127,852030.2808360658,8.0755,9,1.0,1.0,primary_used
2796.4439,837127.3932970574,4.8507,9,0.9825089696056521,0.7723769972938709,primary_used
2939.3383,793128.0684298667,10.9207,9,0.9308684048782861,0.07591010379406661,conflict_retained
2942.5528,788474.4471862662,2.2434,9,0.9254066022308097,0.0,conflict_retained
3062.4644,840715.6886256221,8.0991,10,1.0,1.0,primary_used
3141.4936,756440.0005267604,4.8207,10,0.8997572077706398,0.16756180738060866,primary_used
3284.3865,752694.0423741397,10.8957,10,0.8953015300625855,0.12843905595462085,unused
3287.6004,740526.0779316883,2.2774,10,0.8808281895420307,0.0,conflict_retained
3367.5065,834777.9721339189,8.123,11,1.0,1.0,primary_used
3590.4123,802800.0342213454,10.8784,11,0.9616928824429457,0.7046114964554654,conflict_retained
3447.5317,769502.1168917652,4.7907,11,0.9218045307600883,0.3842532406288774,primary_used
3592.6438,731379.677132366,2.3171,11,0.876136771149772,0.0,conflict_retained
3937.691,740575.0381652962,2.3599,12,1.0,1.0,conflict_retained
3919.4679,739153.9825871026,10.8601,12,0.9980811457246599,0.9730217736712284,conflict_retained
3712.5554,710863.9823538107,8.1489,12,0.959881100117698,0.42487221476896225,primary_used
3792.5729,689683.3644500904,4.7602,12,0.9312808681193401,0.0,primary_used
4041.6079,774333.5125213357,8.1765,13,1.0,1.0,primary_used
4137.6215,735933.0527448106,4.7319,13,0.9504083716440375,0.4071923203096706,primary_used
4225.4943,734849.2911815019,10.8393,13,0.9490087659886142,0.39001628975756547,conflict_retained
4282.7413,710665.3363370197,2.398,13,0.9177768039807501,0.0,conflict_retained
4627.7899,712157.4414485435,2.4395,14,1.0,1.0,conflict_retained
4442.6648,704811.4024081973,4.699,14,0.9896848103905168,0.8741709326240052,primary_used
4347.6371,685141.2084043849,8.2,14,0.9620642410346693,0.5306748407918055,primary_used
4554.5473,655825.979205012,10.8205,14,0.920900268725758,0.0,unused
4957.7238,676161.4681567698,8.2497,15,1.0,1.0,primary_used
4932.83,670777.3233515536,2.4789,15,0.9920371907321288,0.8832395229022356,conflict_retained
4652.6799,663565.2585201106,8.2263,15,0.9813710034808747,0.7253616805418537,primary_used
4748.6873,657245.6573461426,4.6681,15,0.9720247134723721,0.5856035725986954,primary_used
4899.5961,631413.6022346728,10.8041,15,0.9338207395282659,0.0,conflict_retained
5205.6205,643398.7208257647,10.7811,16,1.0,1.0,conflict_retained
5263.7456,640356.9956871923,8.2748,16,0.9952724103419595,0.9243825801615265,primary_used
5237.8742,619190.4084993728,2.5211,16,0.9623743231952312,0.3880172779548314,conflict_retained
5053.7268,604315.5687322674,4.6445,16,0.939255160402967,0.0,primary_used
5359.7551,639551.0217055223,4.6129,17,1.0,1.0,primary_used
5592.7997,627422.1442377651,8.2957,17,0.9810353246947953,0.8336441019478091,primary_used
5550.6643,600527.8107349046,10.7564,17,0.9389834279889779,0.4529980593389597,ambiguous_retained
5566.935,570019.7024894161,2.5613,17,0.8912810442696447,0.0,conflict_retained
5688.8042,610261.8311877423,4.579,18,1.0,1.0,primary_used
5895.9849,609006.7388941764,2.5988,18,0.9979433544268644,0.9411126621577605,conflict_retained
5895.7125,589295.0800233015,10.7372,18,0.9656430238744679,0.0,conflict_retained
6203.7551,611811.5045543698,10.7159,19,1.0,1.0,conflict_retained
6031.8729,598553.9304023627,4.5518,19,0.9783306229887526,0.529343198106108,primary_used
5935.8741,583986.2019797185,8.322,19,0.9545198114655941,0.0,primary_used
6280.9168,643884.0012256375,8.3473,20,1.0,1.0,primary_used
6548.8088,594393.2014152644,10.6993,20,0.9231370872452693,0.3076545817229784,ambiguous_retained
6360.9285,573639.8616728374,4.5224,20,0.8909055988049246,0.0,primary_used
6877.8589,610435.3802623638,10.677,21,1.0,1.0,conflict_retained
6585.9625,563517.8811537698,8.3789,21,0.9231409242884497,0.5589352784524823,primary_used
6665.9675,509206.4475476207,4.4886,21,0.8341692896777458,0.0,primary_used
6971.9931,509861.49554834946,4.4594,22,1.0,1.0,primary_used
