Read (rank 1) -- conflict (confidence: low),,,,,,Read (rank 2) -- 5' (confidence: high),,,,,,Read (rank 3) -- conflict (confidence: low),,,,,,Read (rank 4) -- 3' (confidence: high),,,,,
Mass (Da),Rel.I,RT (min),Call,Peak Status,,Mass (Da),Rel.I,RT (min),Call,Peak Status,,Mass (Da),Rel.I,RT (min),Call,Peak Status,,Mass (Da),Rel.I,RT (min),Call,Peak Status,
976.2489,1.000,1.997,(seed),conflict_retained,,1816.3185,1.000,7.997,(seed),primary_used,,1625.1543,1.000,11.002,(seed),conflict_retained,,1206.2352,0.947,4.998,(seed),primary_used,
1305.3026,1.000,2.043,A,conflict_retained,,2733.4127,1.000,8.075,C/U/U,primary_used,,2290.2439,0.976,10.959,U/m7G,conflict_retained,,1511.2767,0.923,4.973,C,primary_used,
1610.3440,0.841,2.076,C,conflict_retained,,3062.4644,1.000,8.099,A,primary_used,,2596.2695,0.996,10.935,U,conflict_retained,,1856.3242,0.836,4.938,G,primary_used,
1939.3960,0.900,2.119,A,conflict_retained,,3367.5065,1.000,8.123,C,primary_used,,2939.3383,0.931,10.921,m1A,conflict_retained,,2162.3491,0.969,4.912,U,primary_used,
2268.4506,0.924,2.157,A,conflict_retained,,3712.5554,0.960,8.149,G,primary_used,,3590.4123,0.962,10.878,G/U,conflict_retained,,2491.4024,0.964,4.882,A,primary_used,
2597.5032,0.924,2.202,A,conflict_retained,,4041.6079,1.000,8.177,A,primary_used,,3919.4679,0.998,10.860,A,conflict_retained,,2796.4439,0.983,4.851,C,primary_used,
2942.5528,0.925,2.243,G,conflict_retained,,4347.6371,0.962,8.200,U,primary_used,,4225.4943,0.949,10.839,U,conflict_retained,,3141.4936,0.900,4.821,G,primary_used,
3287.6004,0.881,2.277,G,conflict_retained,,4652.6799,0.981,8.226,C,primary_used,,4899.5961,0.934,10.804,A/G,conflict_retained,,3447.5317,0.922,4.791,U,primary_used,
3592.6438,0.876,2.317,C,conflict_retained,,4957.7238,1.000,8.250,C,primary_used,,5205.6205,1.000,10.781,U,conflict_retained,,3792.5729,0.931,4.760,G,primary_used,
3937.6910,1.000,2.360,G,conflict_retained,,5263.7456,0.995,8.275,U,primary_used,,5895.7125,0.966,10.737,G/G,conflict_retained,,4137.6215,0.950,4.732,G,primary_used,
4282.7413,0.918,2.398,G,conflict_retained,,5592.7997,0.981,8.296,A,primary_used,,6203.7551,1.000,10.716,D,conflict_retained,,4442.6648,0.990,4.699,C,primary_used,
4627.7899,1.000,2.439,G,conflict_retained,,5935.8741,0.955,8.322,m1A,primary_used,,6877.8589,1.000,10.677,A/G,conflict_retained,,4748.6873,0.972,4.668,U,primary_used,
4932.8300,0.992,2.479,C,conflict_retained,,6280.9168,1.000,8.347,G,primary_used,,,,,,,,5053.7268,0.939,4.644,C,primary_used,
5237.8742,0.962,2.521,C,conflict_retained,,6585.9625,0.923,8.379,C,primary_used,,,,,,,,5359.7551,1.000,4.613,U,primary_used,
5566.9350,0.891,2.561,A,conflict_retained,,,,,,,,,,,,,,5688.8042,1.000,4.579,A,primary_used,
5895.9849,0.998,2.599,A,conflict_retained,,,,,,,,,,,,,,6031.8729,0.978,4.552,m1A,primary_used,
,,,,,,,,,,,,,,,,,,6360.9285,0.891,4.522,A,primary_used,
,,,,,,,,,,,,,,,,,,6665.9675,0.834,4.489,C,primary_used,
,,,,,,,,,,,,,,,,,,6971.9931,1.000,4.459,U,primary_used,
