read_rank,row_position,mass,rel_i,rt,call,peak_status,ladder_call,confidence_tier,ladder_classification,ladder_confidence,candidate_partner_rank,evidence_short,warning_short
1,0,976.2489,1.0,1.997,(seed),conflict_retained,conflict,low,conflict,0.4,3,seed decimal: chain 0=0.249 vs chain 2=0.859 (diff=+0.610); seed RT: chain 0=1.997 vs chain 2=10.67…,decimal-part and RT evidence disagree on which read is 5' vs 3' for this candidate pair; paired wit…
1,1,1305.3026,1.0,2.043,A,conflict_retained,conflict,low,conflict,0.4,3,seed decimal: chain 0=0.249 vs chain 2=0.859 (diff=+0.610); seed RT: chain 0=1.997 vs chain 2=10.67…,decimal-part and RT evidence disagree on which read is 5' vs 3' for this candidate pair; paired wit…
1,2,1610.344,0.841,2.076,C,conflict_retained,conflict,low,conflict,0.4,3,seed decimal: chain 0=0.249 vs chain 2=0.859 (diff=+0.610); seed RT: chain 0=1.997 vs chain 2=10.67…,decimal-part and RT evidence disagree on which read is 5' vs 3' for this candidate pair; paired wit…
1,3,1939.396,0.8998,2.119,A,conflict_retained,conflict,low,conflict,0.4,3,seed decimal: chain 0=0.249 vs chain 2=0.859 (diff=+0.610); seed RT: chain 0=1.997 vs chain 2=10.67…,decimal-part and RT evidence disagree on which read is 5' vs 3' for this candidate pair; paired wit…
1,4,2268.4506,0.9238,2.157,A,conflict_retained,conflict,low,conflict,0.4,3,seed decimal: chain 0=0.249 vs chain 2=0.859 (diff=+0.610); seed RT: chain 0=1.997 vs chain 2=10.67…,decimal-part and RT evidence disagree on which read is 5' vs 3' for this candidate pair; paired wit…
1,5,2597.5032,0.9245,2.202,A,conflict_retained,conflict,low,conflict,0.4,3,seed decimal: chain 0=0.249 vs chain 2=0.859 (diff=+0.610); seed RT: chain 0=1.997 vs chain 2=10.67…,decimal-part and RT evidence disagree on which read is 5' vs 3' for this candidate pair; paired wit…
1,6,2942.5528,0.9254,2.243,G,conflict_retained,conflict,low,conflict,0.4,3,seed decimal: chain 0=0.249 vs chain 2=0.859 (diff=+0.610); seed RT: chain 0=1.997 vs chain 2=10.67…,decimal-part and RT evidence disagree on which read is 5' vs 3' for this candidate pair; paired wit…
1,7,3287.6004,0.8808,2.277,G,conflict_retained,conflict,low,conflict,0.4,3,seed decimal: chain 0=0.249 vs chain 2=0.859 (diff=+0.610); seed RT: chain 0=1.997 vs chain 2=10.67…,decimal-part and RT evidence disagree on which read is 5' vs 3' for this candidate pair; paired wit…
1,8,3592.6438,0.8761,2.317,C,conflict_retained,conflict,low,conflict,0.4,3,seed decimal: chain 0=0.249 vs chain 2=0.859 (diff=+0.610); seed RT: chain 0=1.997 vs chain 2=10.67…,decimal-part and RT evidence disagree on which read is 5' vs 3' for this candidate pair; paired wit…
1,9,3937.691,1.0,2.36,G,conflict_retained,conflict,low,conflict,0.4,3,seed decimal: chain 0=0.249 vs chain 2=0.859 (diff=+0.610); seed RT: chain 0=1.997 vs chain 2=10.67…,decimal-part and RT evidence disagree on which read is 5' vs 3' for this candidate pair; paired wit…
1,10,4282.7413,0.9178,2.398,G,conflict_retained,conflict,low,conflict,0.4,3,seed decimal: chain 0=0.249 vs chain 2=0.859 (diff=+0.610); seed RT: chain 0=1.997 vs chain 2=10.67…,decimal-part and RT evidence disagree on which read is 5' vs 3' for this candidate pair; paired wit…
1,11,4627.7899,1.0,2.439,G,conflict_retained,conflict,low,conflict,0.4,3,seed decimal: chain 0=0.249 vs chain 2=0.859 (diff=+0.610); seed RT: chain 0=1.997 vs chain 2=10.67…,decimal-part and RT evidence disagree on which read is 5' vs 3' for this candidate pair; paired wit…
1,12,4932.83,0.992,2.479,C,conflict_retained,conflict,low,conflict,0.4,3,seed decimal: chain 0=0.249 vs chain 2=0.859 (diff=+0.610); seed RT: chain 0=1.997 vs chain 2=10.67…,decimal-part and RT evidence disagree on which read is 5' vs 3' for this candidate pair; paired wit…
1,13,5237.8742,0.9624,2.521,C,conflict_retained,conflict,low,conflict,0.4,3,seed decimal: chain 0=0.249 vs chain 2=0.859 (diff=+0.610); seed RT: chain 0=1.997 vs chain 2=10.67…,decimal-part and RT evidence disagree on which read is 5' vs 3' for this candidate pair; paired wit…
1,14,5566.935,0.8913,2.561,A,conflict_retained,conflict,low,conflict,0.4,3,seed decimal: chain 0=0.249 vs chain 2=0.859 (diff=+0.610); seed RT: chain 0=1.997 vs chain 2=10.67…,decimal-part and RT evidence disagree on which read is 5' vs 3' for this candidate pair; paired wit…
1,15,5895.9849,0.9979,2.599,A,conflict_retained,conflict,low,conflict,0.4,3,seed decimal: chain 0=0.249 vs chain 2=0.859 (diff=+0.610); seed RT: chain 0=1.997 vs chain 2=10.67…,decimal-part and RT evidence disagree on which read is 5' vs 3' for this candidate pair; paired wit…
2,0,1816.3185,1.0,7.997,(seed),primary_used,5',high,likely_5prime,0.859,4,seed decimal: chain 1=0.413 vs chain 3=0.804 (diff=+0.391); seed RT: chain 1=8.075 vs chain 3=4.579…,
2,1,2733.4127,1.0,8.075,C/U/U,primary_used,5',high,likely_5prime,0.859,4,seed decimal: chain 1=0.413 vs chain 3=0.804 (diff=+0.391); seed RT: chain 1=8.075 vs chain 3=4.579…,
2,2,3062.4644,1.0,8.099,A,primary_used,5',high,likely_5prime,0.859,4,seed decimal: chain 1=0.413 vs chain 3=0.804 (diff=+0.391); seed RT: chain 1=8.075 vs chain 3=4.579…,
2,3,3367.5065,1.0,8.123,C,primary_used,5',high,likely_5prime,0.859,4,seed decimal: chain 1=0.413 vs chain 3=0.804 (diff=+0.391); seed RT: chain 1=8.075 vs chain 3=4.579…,
2,4,3712.5554,0.9599,8.149,G,primary_used,5',high,likely_5prime,0.859,4,seed decimal: chain 1=0.413 vs chain 3=0.804 (diff=+0.391); seed RT: chain 1=8.075 vs chain 3=4.579…,
2,5,4041.6079,1.0,8.177,A,primary_used,5',high,likely_5prime,0.859,4,seed decimal: chain 1=0.413 vs chain 3=0.804 (diff=+0.391); seed RT: chain 1=8.075 vs chain 3=4.579…,
2,6,4347.6371,0.9621,8.2,U,primary_used,5',high,likely_5prime,0.859,4,seed decimal: chain 1=0.413 vs chain 3=0.804 (diff=+0.391); seed RT: chain 1=8.075 vs chain 3=4.579…,
2,7,4652.6799,0.9814,8.226,C,primary_used,5',high,likely_5prime,0.859,4,seed decimal: chain 1=0.413 vs chain 3=0.804 (diff=+0.391); seed RT: chain 1=8.075 vs chain 3=4.579…,
2,8,4957.7238,1.0,8.25,C,primary_used,5',high,likely_5prime,0.859,4,seed decimal: chain 1=0.413 vs chain 3=0.804 (diff=+0.391); seed RT: chain 1=8.075 vs chain 3=4.579…,
2,9,5263.7456,0.9953,8.275,U,primary_used,5',high,likely_5prime,0.859,4,seed decimal: chain 1=0.413 vs chain 3=0.804 (diff=+0.391); seed RT: chain 1=8.075 vs chain 3=4.579…,
2,10,5592.7997,0.981,8.296,A,primary_used,5',high,likely_5prime,0.859,4,seed decimal: chain 1=0.413 vs chain 3=0.804 (diff=+0.391); seed RT: chain 1=8.075 vs chain 3=4.579…,
2,11,5935.8741,0.9545,8.322,m1A,primary_used,5',high,likely_5prime,0.859,4,seed decimal: chain 1=0.413 vs chain 3=0.804 (diff=+0.391); seed RT: chain 1=8.075 vs chain 3=4.579…,
2,12,6280.9168,1.0,8.347,G,primary_used,5',high,likely_5prime,0.859,4,seed decimal: chain 1=0.413 vs chain 3=0.804 (diff=+0.391); seed RT: chain 1=8.075 vs chain 3=4.579…,
2,13,6585.9625,0.9231,8.379,C,primary_used,5',high,likely_5prime,0.859,4,seed decimal: chain 1=0.413 vs chain 3=0.804 (diff=+0.391); seed RT: chain 1=8.075 vs chain 3=4.579…,
3,0,1625.1543,1.0,11.002,(seed),conflict_retained,conflict,low,conflict,0.4,1,seed decimal: chain 0=0.249 vs chain 2=0.859 (diff=+0.610); seed RT: chain 0=1.997 vs chain 2=10.67…,decimal-part and RT evidence disagree on which read is 5' vs 3' for this candidate pair; paired wit…
3,1,2290.2439,0.9765,10.959,U/m7G,conflict_retained,conflict,low,conflict,0.4,1,seed decimal: chain 0=0.249 vs chain 2=0.859 (diff=+0.610); seed RT: chain 0=1.997 vs chain 2=10.67…,decimal-part and RT evidence disagree on which read is 5' vs 3' for this candidate pair; paired wit…
3,2,2596.2695,0.9964,10.935,U,conflict_retained,conflict,low,conflict,0.4,1,seed decimal: chain 0=0.249 vs chain 2=0.859 (diff=+0.610); seed RT: chain 0=1.997 vs chain 2=10.67…,decimal-part and RT evidence disagree on which read is 5' vs 3' for this candidate pair; paired wit…
3,3,2939.3383,0.9309,10.921,m1A,conflict_retained,conflict,low,conflict,0.4,1,seed decimal: chain 0=0.249 vs chain 2=0.859 (diff=+0.610); seed RT: chain 0=1.997 vs chain 2=10.67…,decimal-part and RT evidence disagree on which read is 5' vs 3' for this candidate pair; paired wit…
3,4,3590.4123,0.9617,10.878,G/U,conflict_retained,conflict,low,conflict,0.4,1,seed decimal: chain 0=0.249 vs chain 2=0.859 (diff=+0.610); seed RT: chain 0=1.997 vs chain 2=10.67…,decimal-part and RT evidence disagree on which read is 5' vs 3' for this candidate pair; paired wit…
3,5,3919.4679,0.9981,10.86,A,conflict_retained,conflict,low,conflict,0.4,1,seed decimal: chain 0=0.249 vs chain 2=0.859 (diff=+0.610); seed RT: chain 0=1.997 vs chain 2=10.67…,decimal-part and RT evidence disagree on which read is 5' vs 3' for this candidate pair; paired wit…
3,6,4225.4943,0.949,10.839,U,conflict_retained,conflict,low,conflict,0.4,1,seed decimal: chain 0=0.249 vs chain 2=0.859 (diff=+0.610); seed RT: chain 0=1.997 vs chain 2=10.67…,decimal-part and RT evidence disagree on which read is 5' vs 3' for this candidate pair; paired wit…
3,7,4899.5961,0.9338,10.804,A/G,conflict_retained,conflict,low,conflict,0.4,1,seed decimal: chain 0=0.249 vs chain 2=0.859 (diff=+0.610); seed RT: chain 0=1.997 vs chain 2=10.67…,decimal-part and RT evidence disagree on which read is 5' vs 3' for this candidate pair; paired wit…
3,8,5205.6205,1.0,10.781,U,conflict_retained,conflict,low,conflict,0.4,1,seed decimal: chain 0=0.249 vs chain 2=0.859 (diff=+0.610); seed RT: chain 0=1.997 vs chain 2=10.67…,decimal-part and RT evidence disagree on which read is 5' vs 3' for this candidate pair; paired wit…
3,9,5895.7125,0.9656,10.737,G/G,conflict_retained,conflict,low,conflict,0.4,1,seed decimal: chain 0=0.249 vs chain 2=0.859 (diff=+0.610); seed RT: chain 0=1.997 vs chain 2=10.67…,decimal-part and RT evidence disagree on which read is 5' vs 3' for this candidate pair; paired wit…
3,10,6203.7551,1.0,10.716,D,conflict_retained,conflict,low,conflict,0.4,1,seed decimal: chain 0=0.249 vs chain 2=0.859 (diff=+0.610); seed RT: chain 0=1.997 vs chain 2=10.67…,decimal-part and RT evidence disagree on which read is 5' vs 3' for this candidate pair; paired wit…
3,11,6877.8589,1.0,10.677,A/G,conflict_retained,conflict,low,conflict,0.4,1,seed decimal: chain 0=0.249 vs chain 2=0.859 (diff=+0.610); seed RT: chain 0=1.997 vs chain 2=10.67…,decimal-part and RT evidence disagree on which read is 5' vs 3' for this candidate pair; paired wit…
4,0,1206.2352,0.9468,4.998,(seed),primary_used,3',high,likely_3prime,0.859,2,seed decimal: chain 1=0.413 vs chain 3=0.804 (diff=+0.391); seed RT: chain 1=8.075 vs chain 3=4.579…,
4,1,1511.2767,0.9235,4.973,C,primary_used,3',high,likely_3prime,0.859,2,seed decimal: chain 1=0.413 vs chain 3=0.804 (diff=+0.391); seed RT: chain 1=8.075 vs chain 3=4.579…,
4,2,1856.3242,0.8365,4.938,G,primary_used,3',high,likely_3prime,0.859,2,seed decimal: chain 1=0.413 vs chain 3=0.804 (diff=+0.391); seed RT: chain 1=8.075 vs chain 3=4.579…,
4,3,2162.3491,0.9686,4.912,U,primary_used,3',high,likely_3prime,0.859,2,seed decimal: chain 1=0.413 vs chain 3=0.804 (diff=+0.391); seed RT: chain 1=8.075 vs chain 3=4.579…,
4,4,2491.4024,0.9636,4.882,A,primary_used,3',high,likely_3prime,0.859,2,seed decimal: chain 1=0.413 vs chain 3=0.804 (diff=+0.391); seed RT: chain 1=8.075 vs chain 3=4.579…,
4,5,2796.4439,0.9825,4.851,C,primary_used,3',high,likely_3prime,0.859,2,seed decimal: chain 1=0.413 vs chain 3=0.804 (diff=+0.391); seed RT: chain 1=8.075 vs chain 3=4.579…,
4,6,3141.4936,0.8998,4.821,G,primary_used,3',high,likely_3prime,0.859,2,seed decimal: chain 1=0.413 vs chain 3=0.804 (diff=+0.391); seed RT: chain 1=8.075 vs chain 3=4.579…,
4,7,3447.5317,0.9218,4.791,U,primary_used,3',high,likely_3prime,0.859,2,seed decimal: chain 1=0.413 vs chain 3=0.804 (diff=+0.391); seed RT: chain 1=8.075 vs chain 3=4.579…,
4,8,3792.5729,0.9313,4.76,G,primary_used,3',high,likely_3prime,0.859,2,seed decimal: chain 1=0.413 vs chain 3=0.804 (diff=+0.391); seed RT: chain 1=8.075 vs chain 3=4.579…,
4,9,4137.6215,0.9504,4.732,G,primary_used,3',high,likely_3prime,0.859,2,seed decimal: chain 1=0.413 vs chain 3=0.804 (diff=+0.391); seed RT: chain 1=8.075 vs chain 3=4.579…,
4,10,4442.6648,0.9897,4.699,C,primary_used,3',high,likely_3prime,0.859,2,seed decimal: chain 1=0.413 vs chain 3=0.804 (diff=+0.391); seed RT: chain 1=8.075 vs chain 3=4.579…,
4,11,4748.6873,0.972,4.668,U,primary_used,3',high,likely_3prime,0.859,2,seed decimal: chain 1=0.413 vs chain 3=0.804 (diff=+0.391); seed RT: chain 1=8.075 vs chain 3=4.579…,
4,12,5053.7268,0.9393,4.644,C,primary_used,3',high,likely_3prime,0.859,2,seed decimal: chain 1=0.413 vs chain 3=0.804 (diff=+0.391); seed RT: chain 1=8.075 vs chain 3=4.579…,
4,13,5359.7551,1.0,4.613,U,primary_used,3',high,likely_3prime,0.859,2,seed decimal: chain 1=0.413 vs chain 3=0.804 (diff=+0.391); seed RT: chain 1=8.075 vs chain 3=4.579…,
4,14,5688.8042,1.0,4.579,A,primary_used,3',high,likely_3prime,0.859,2,seed decimal: chain 1=0.413 vs chain 3=0.804 (diff=+0.391); seed RT: chain 1=8.075 vs chain 3=4.579…,
4,15,6031.8729,0.9783,4.552,m1A,primary_used,3',high,likely_3prime,0.859,2,seed decimal: chain 1=0.413 vs chain 3=0.804 (diff=+0.391); seed RT: chain 1=8.075 vs chain 3=4.579…,
4,16,6360.9285,0.8909,4.522,A,primary_used,3',high,likely_3prime,0.859,2,seed decimal: chain 1=0.413 vs chain 3=0.804 (diff=+0.391); seed RT: chain 1=8.075 vs chain 3=4.579…,
4,17,6665.9675,0.8342,4.489,C,primary_used,3',high,likely_3prime,0.859,2,seed decimal: chain 1=0.413 vs chain 3=0.804 (diff=+0.391); seed RT: chain 1=8.075 vs chain 3=4.579…,
4,18,6971.9931,1.0,4.459,U,primary_used,3',high,likely_3prime,0.859,2,seed decimal: chain 1=0.413 vs chain 3=0.804 (diff=+0.391); seed RT: chain 1=8.075 vs chain 3=4.579…,
