Read (rank 1) -- conflict (confidence: low),,,,,,Read (rank 2) -- 3' (confidence: high),,,,,,Read (rank 3) -- 5' (confidence: high),,,,,,Read (rank 4) -- 5' (confidence: high),,,,,
Mass (Da),Rel.I,RT (min),Call,Peak Status,,Mass (Da),Rel.I,RT (min),Call,Peak Status,,Mass (Da),Rel.I,RT (min),Call,Peak Status,,Mass (Da),Rel.I,RT (min),Call,Peak Status,
976.2489,1.000,1.997,(seed),conflict_retained,,10511.2767,1.000,4.973,(seed),primary_used,,19816.3185,1.000,7.997,(seed),primary_used,,28625.1543,1.000,11.002,(seed),primary_used,
1305.3026,1.000,2.043,A,conflict_retained,,11491.4024,1.000,4.882,A/G/U,primary_used,,20122.3434,1.000,8.027,U,primary_used,,28984.2177,1.000,10.979,m7G,primary_used,
1610.3440,1.000,2.076,C,conflict_retained,,12447.5317,1.000,4.791,C/G/U,primary_used,,20427.3849,1.000,8.052,C,primary_used,,29290.2439,0.970,10.959,U,primary_used,
1939.3960,1.000,2.119,A,conflict_retained,,13442.6648,1.000,4.699,C/G/G,primary_used,,20733.4127,1.000,8.075,U,primary_used,,29596.2695,1.000,10.935,U,primary_used,
2268.4506,1.000,2.157,A,conflict_retained,,14359.7551,1.000,4.613,C/U/U,primary_used,,21062.4644,1.000,8.099,A,primary_used,,29939.3383,1.000,10.921,m1A,primary_used,
2597.5032,1.000,2.202,A,conflict_retained,,14688.8042,1.000,4.579,A,primary_used,,21367.5065,1.000,8.123,C,primary_used,,30284.3865,0.938,10.896,G,primary_used,
2942.5528,1.000,2.243,G,conflict_retained,,15031.8729,1.000,4.552,m1A,primary_used,,21712.5554,1.000,8.149,G,primary_used,,30590.4123,1.000,10.878,U,primary_used,
3287.6004,1.000,2.277,G,conflict_retained,,15360.9285,1.000,4.522,A,primary_used,,22041.6079,1.000,8.177,A,primary_used,,30919.4679,0.921,10.860,A,primary_used,
3592.6438,1.000,2.317,C,conflict_retained,,15665.9675,1.000,4.489,C,primary_used,,22347.6371,1.000,8.200,U,primary_used,,31225.4943,0.915,10.839,U,primary_used,
3937.6910,1.000,2.360,G,conflict_retained,,15971.9931,1.000,4.459,U,primary_used,,22652.6799,1.000,8.226,C,primary_used,,31554.5473,0.817,10.820,A,primary_used,
4282.7413,1.000,2.398,G,conflict_retained,,,,,,,,22957.7238,1.000,8.250,C,primary_used,,31899.5961,0.787,10.804,G,primary_used,
4627.7899,1.000,2.439,G,conflict_retained,,,,,,,,23263.7456,1.000,8.275,U,primary_used,,32205.6205,0.801,10.781,U,primary_used,
4932.8300,1.000,2.479,C,conflict_retained,,,,,,,,23592.7997,1.000,8.296,A,primary_used,,32550.6643,0.748,10.756,G,primary_used,
5237.8742,1.000,2.521,C,conflict_retained,,,,,,,,23935.8741,1.000,8.322,m1A,primary_used,,,,,,,
5566.9350,1.000,2.561,A,conflict_retained,,,,,,,,24280.9168,1.000,8.347,G,primary_used,,,,,,,
5895.9849,1.000,2.599,A,conflict_retained,,,,,,,,24585.9625,1.000,8.379,C,primary_used,,,,,,,
